Airdrie,Airdrie,Alberta,Canada
Beaumont,Beaumont,Alberta,Canada
Brooks,Brooks,Alberta,Canada
Calgary,Calgary,Alberta,Canada
Camrose,Camrose,Alberta,Canada
Chestermere,Chestermere,Alberta,Canada
Cold Lake,Cold Lake,Alberta,Canada
Edmonton,Edmonton,Alberta,Canada
Fort Saskatchewan,Fort Saskatchewan,Alberta,Canada
Grande Prairie,Grande Prairie,Alberta,Canada
Lacombe,Lacombe,Alberta,Canada
Leduc,Leduc,Alberta,Canada
Lethbridge,Lethbridge,Alberta,Canada
Lloydminster,Lloydminster,Alberta,Canada
Medicine Hat,Medicine Hat,Alberta,Canada
Red Deer,Red Deer,Alberta,Canada
Spruce Grove,Spruce Grove,Alberta,Canada
St. Albert,St. Albert,Alberta,Canada
Wetaskiwin,Wetaskiwin,Alberta,Canada
Abbotsford,Abbotsford,British Columbia,Canada
Armstrong,Armstrong,British Columbia,Canada
Burnaby,Burnaby,British Columbia,Canada
Campbell River,Campbell River,British Columbia,Canada
Castlegar,Castlegar,British Columbia,Canada
Chilliwack,Chilliwack,British Columbia,Canada
Colwood,Colwood,British Columbia,Canada
Coquitlam,Coquitlam,British Columbia,Canada
Courtenay,Courtenay,British Columbia,Canada
Cranbrook,Cranbrook,British Columbia,Canada
Dawson Creek,Dawson Creek,British Columbia,Canada
Delta,Delta,British Columbia,Canada
Duncan,Duncan,British Columbia,Canada
Enderby,Enderby,British Columbia,Canada
Fernie,Fernie,British Columbia,Canada
Fort St. John,Fort St. John,British Columbia,Canada
Grand Forks,Grand Forks,British Columbia,Canada
Greenwood,Greenwood,British Columbia,Canada
Kamloops,Kamloops,British Columbia,Canada
Kelowna,Kelowna,British Columbia,Canada
Kimberley,Kimberley,British Columbia,Canada
Langford,Langford,British Columbia,Canada
Langley,Langley,British Columbia,Canada
Maple Ridge,Maple Ridge,British Columbia,Canada
Merritt,Merritt,British Columbia,Canada
Nanaimo,Nanaimo,British Columbia,Canada
Nelson,Nelson,British Columbia,Canada
New Westminster,New Westminster,British Columbia,Canada
North Vancouver,North Vancouver,British Columbia,Canada
Parksville,Parksville,British Columbia,Canada
Penticton,Penticton,British Columbia,Canada
Pitt Meadows,Pitt Meadows,British Columbia,Canada
Port Alberni,Port Alberni,British Columbia,Canada
Port Coquitlam,Port Coquitlam,British Columbia,Canada
Port Moody,Port Moody,British Columbia,Canada
Powell River,Powell River,British Columbia,Canada
Prince George,Prince George,British Columbia,Canada
Prince Rupert,Prince Rupert,British Columbia,Canada
Quesnel,Quesnel,British Columbia,Canada
Revelstoke,Revelstoke,British Columbia,Canada
Richmond,Richmond,British Columbia,Canada
Rossland,Rossland,British Columbia,Canada
Salmon Arm,Salmon Arm,British Columbia,Canada
Surrey,Surrey,British Columbia,Canada
Terrace,Terrace,British Columbia,Canada
Trail,Trail,British Columbia,Canada
Vancouver,Vancouver,British Columbia,Canada
Vernon,Vernon,British Columbia,Canada
Victoria,Victoria,British Columbia,Canada
West Kelowna,West Kelowna,British Columbia,Canada
White Rock,White Rock,British Columbia,Canada
Williams Lake,Williams Lake,British Columbia,Canada
Brandon,Brandon,Manitoba,Canada
Dauphin,Dauphin,Manitoba,Canada
Flin Flon,Flin Flon,Manitoba,Canada
Morden,Morden,Manitoba,Canada
Portage la Prairie,Portage la Prairie,Manitoba,Canada
Selkirk,Selkirk,Manitoba,Canada
Steinbach,Steinbach,Manitoba,Canada
Thompson,Thompson,Manitoba,Canada
Winkler,Winkler,Manitoba,Canada
Winnipeg,Winnipeg,Manitoba,Canada
Bathurst,Bathurst,New Brunswick,Canada
Campbellton,Campbellton,New Brunswick,Canada
Dieppe,Dieppe,New Brunswick,Canada
Edmundston,Edmundston,New Brunswick,Canada
Fredericton,Fredericton,New Brunswick,Canada
Miramichi,Miramichi,New Brunswick,Canada
Moncton,Moncton,New Brunswick,Canada
Saint John,Saint John,New Brunswick,Canada
Corner Brook,Corner Brook,Newfoundland and Labrador,Canada
Mount Pearl,Mount Pearl,Newfoundland and Labrador,Canada
St. John's,St. John's,Newfoundland and Labrador,Canada
Yellowknife,Yellowknife,Northwest Territories,Canada
Iqaluit,Iqaluit,Nunavut,Canada
Barrie,Barrie,Ontario,Canada
Belleville,Belleville,Ontario,Canada
Brampton,Brampton,Ontario,Canada
Brant,Brant,Ontario,Canada
Brantford,Brantford,Ontario,Canada
Brockville,Brockville,Ontario,Canada
Burlington,Burlington,Ontario,Canada
Cambridge,Cambridge,Ontario,Canada
Clarence-Rockland,Clarence-Rockland,Ontario,Canada
Cornwall,Cornwall,Ontario,Canada
Dryden,Dryden,Ontario,Canada
Elliot Lake,Elliot Lake,Ontario,Canada
Greater Sudbury,Greater Sudbury,Ontario,Canada
Guelph,Guelph,Ontario,Canada
Haldimand County,Haldimand County,Ontario,Canada
Hamilton,Hamilton,Ontario,Canada
Kawartha Lakes,Kawartha Lakes,Ontario,Canada
Kenora,Kenora,Ontario,Canada
Kingston,Kingston,Ontario,Canada
Kitchener,Kitchener,Ontario,Canada
London,London,Ontario,Canada
Markham,Markham,Ontario,Canada
Mississauga,Mississauga,Ontario,Canada
Niagara Falls,Niagara Falls,Ontario,Canada
Norfolk County,Norfolk County,Ontario,Canada
North Bay,North Bay,Ontario,Canada
Orillia,Orillia,Ontario,Canada
Oshawa,Oshawa,Ontario,Canada
Ottawa,Ottawa,Ontario,Canada
Owen Sound,Owen Sound,Ontario,Canada
Pembroke,Pembroke,Ontario,Canada
Peterborough,Peterborough,Ontario,Canada
Pickering,Pickering,Ontario,Canada
Port Colborne,Port Colborne,Ontario,Canada
Prince Edward County,Prince Edward County,Ontario,Canada
Quinte West,Quinte West,Ontario,Canada
Richmond Hill,Richmond Hill,Ontario,Canada
Sarnia,Sarnia,Ontario,Canada
Sault Ste. Marie,Sault Ste. Marie,Ontario,Canada
St. Catharines,St. Catharines,Ontario,Canada
St. Thomas,St. Thomas,Ontario,Canada
Stratford,Stratford,Ontario,Canada
Temiskaming Shores,Temiskaming Shores,Ontario,Canada
Thorold,Thorold,Ontario,Canada
Thunder Bay,Thunder Bay,Ontario,Canada
Timmins,Timmins,Ontario,Canada
Toronto,Toronto,Ontario,Canada
Vaughan,Vaughan,Ontario,Canada
Waterloo,Waterloo,Ontario,Canada
Welland,Welland,Ontario,Canada
Windsor,Windsor,Ontario,Canada
Woodstock,Woodstock,Ontario,Canada
Charlottetown,Charlottetown,Prince Edward Island,Canada
Summerside,Summerside,Prince Edward Island,Canada
Acton Vale,Acton Vale,Quebec,Canada
Alma,Alma,Quebec,Canada
Amos,Amos,Quebec,Canada
Amqui,Amqui,Quebec,Canada
Baie-Comeau,Baie-Comeau,Quebec,Canada
Baie-D'Urf?,Baie-D'Urf?,Quebec,Canada
Baie-Saint-Paul,Baie-Saint-Paul,Quebec,Canada
Barkmere,Barkmere,Quebec,Canada
Beaconsfield,Beaconsfield,Quebec,Canada
Beauceville,Beauceville,Quebec,Canada
Beauharnois,Beauharnois,Quebec,Canada
Beaupr?,Beaupr?,Quebec,Canada
B?cancour,B?cancour,Quebec,Canada
Bedford,Bedford,Quebec,Canada
Belleterre,Belleterre,Quebec,Canada
Beloeil,Beloeil,Quebec,Canada
Berthierville,Berthierville,Quebec,Canada
Blainville,Blainville,Quebec,Canada
Boisbriand,Boisbriand,Quebec,Canada
Bois-des-Filion,Bois-des-Filion,Quebec,Canada
Bonaventure,Bonaventure,Quebec,Canada
Boucherville,Boucherville,Quebec,Canada
Lac-Brome,Lac-Brome,Quebec,Canada
Bromont,Bromont,Quebec,Canada
Brossard,Brossard,Quebec,Canada
Brownsburg-Chatham,Brownsburg-Chatham,Quebec,Canada
Candiac,Candiac,Quebec,Canada
Cap-Chat,Cap-Chat,Quebec,Canada
Cap-Sant?,Cap-Sant?,Quebec,Canada
Carignan,Carignan,Quebec,Canada
Carleton-sur-Mer,Carleton-sur-Mer,Quebec,Canada
Causapscal,Causapscal,Quebec,Canada
Chambly,Chambly,Quebec,Canada
Chandler,Chandler,Quebec,Canada
Chapais,Chapais,Quebec,Canada
Charlemagne,Charlemagne,Quebec,Canada
Ch?teauguay,Ch?teauguay,Quebec,Canada
Ch?teau-Richer,Ch?teau-Richer,Quebec,Canada
Chibougamau,Chibougamau,Quebec,Canada
Clermont,Clermont,Quebec,Canada
Coaticook,Coaticook,Quebec,Canada
Contrecoeur,Contrecoeur,Quebec,Canada
Cookshire-Eaton,Cookshire-Eaton,Quebec,Canada
C?te Saint-Luc,C?te Saint-Luc,Quebec,Canada
Coteau-du-Lac,Coteau-du-Lac,Quebec,Canada
Cowansville,Cowansville,Quebec,Canada
Danville,Danville,Quebec,Canada
Daveluyville,Daveluyville,Quebec,Canada
D?gelis,D?gelis,Quebec,Canada
Delson,Delson,Quebec,Canada
Desbiens,Desbiens,Quebec,Canada
Deux-Montagnes,Deux-Montagnes,Quebec,Canada
Disraeli,Disraeli,Quebec,Canada
Dolbeau-Mistassini,Dolbeau-Mistassini,Quebec,Canada
Dollard-des-Ormeaux,Dollard-des-Ormeaux,Quebec,Canada
Donnacona,Donnacona,Quebec,Canada
Dorval,Dorval,Quebec,Canada
Drummondville,Drummondville,Quebec,Canada
Dunham,Dunham,Quebec,Canada
Duparquet,Duparquet,Quebec,Canada
East Angus,East Angus,Quebec,Canada
Est?rel,Est?rel,Quebec,Canada
Farnham,Farnham,Quebec,Canada
Fermont,Fermont,Quebec,Canada
Forestville,Forestville,Quebec,Canada
Fossambault-sur-le-Lac,Fossambault-sur-le-Lac,Quebec,Canada
Gasp?,Gasp?,Quebec,Canada
Gatineau,Gatineau,Quebec,Canada
Gracefield,Gracefield,Quebec,Canada
Granby,Granby,Quebec,Canada
Grande-Rivi?re,Grande-Rivi?re,Quebec,Canada
Hampstead,Hampstead,Quebec,Canada
Hudson,Hudson,Quebec,Canada
Huntingdon,Huntingdon,Quebec,Canada
Joliette,Joliette,Quebec,Canada
Kingsey Falls,Kingsey Falls,Quebec,Canada
Kirkland,Kirkland,Quebec,Canada
La Malbaie,La Malbaie,Quebec,Canada
La Pocati?re,La Pocati?re,Quebec,Canada
La Prairie,La Prairie,Quebec,Canada
La Sarre,La Sarre,Quebec,Canada
La Tuque,La Tuque,Quebec,Canada
Lac-Delage,Lac-Delage,Quebec,Canada
Lachute,Lachute,Quebec,Canada
Lac-M?gantic,Lac-M?gantic,Quebec,Canada
Lac-Saint-Joseph,Lac-Saint-Joseph,Quebec,Canada
Lac-Sergent,Lac-Sergent,Quebec,Canada
L'Ancienne-Lorette,L'Ancienne-Lorette,Quebec,Canada
L'Assomption,L'Assomption,Quebec,Canada
Laval,Laval,Quebec,Canada
Lavaltrie,Lavaltrie,Quebec,Canada
Lebel-sur-Qu?villon,Lebel-sur-Qu?villon,Quebec,Canada
L'?piphanie,L'?piphanie,Quebec,Canada
L?ry,L?ry,Quebec,Canada
L?vis,L?vis,Quebec,Canada
L'?le-Cadieux,L'?le-Cadieux,Quebec,Canada
L'?le-Dorval,L'?le-Dorval,Quebec,Canada
L'?le-Perrot,L'?le-Perrot,Quebec,Canada
Longueuil,Longueuil,Quebec,Canada
Lorraine,Lorraine,Quebec,Canada
Louiseville,Louiseville,Quebec,Canada
Macamic,Macamic,Quebec,Canada
Magog,Magog,Quebec,Canada
Malartic,Malartic,Quebec,Canada
Maniwaki,Maniwaki,Quebec,Canada
Marieville,Marieville,Quebec,Canada
Mascouche,Mascouche,Quebec,Canada
Matagami,Matagami,Quebec,Canada
Matane,Matane,Quebec,Canada
Mercier,Mercier,Quebec,Canada
M?tabetchouan?Lac-?-la-Croix,M?tabetchouan?Lac-?-la-Croix,Quebec,Canada
M?tis-sur-Mer,M?tis-sur-Mer,Quebec,Canada
Mirabel,Mirabel,Quebec,Canada
Mont-Joli,Mont-Joli,Quebec,Canada
Mont-Laurier,Mont-Laurier,Quebec,Canada
Montmagny,Montmagny,Quebec,Canada
Montreal,Montreal,Quebec,Canada
Montreal West,Montreal West,Quebec,Canada
Montr?al-Est,Montr?al-Est,Quebec,Canada
Mont-Saint-Hilaire,Mont-Saint-Hilaire,Quebec,Canada
Mont-Tremblant,Mont-Tremblant,Quebec,Canada
Mount Royal,Mount Royal,Quebec,Canada
Murdochville,Murdochville,Quebec,Canada
Neuville,Neuville,Quebec,Canada
New Richmond,New Richmond,Quebec,Canada
Nicolet,Nicolet,Quebec,Canada
Normandin,Normandin,Quebec,Canada
Notre-Dame-de-l'?le-Perrot,Notre-Dame-de-l'?le-Perrot,Quebec,Canada
Notre-Dame-des-Prairies,Notre-Dame-des-Prairies,Quebec,Canada
Otterburn Park,Otterburn Park,Quebec,Canada
Pasp?biac,Pasp?biac,Quebec,Canada
Perc?,Perc?,Quebec,Canada
Pincourt,Pincourt,Quebec,Canada
Plessisville,Plessisville,Quebec,Canada
Poh?n?gamook,Poh?n?gamook,Quebec,Canada
Pointe-Claire,Pointe-Claire,Quebec,Canada
Pont-Rouge,Pont-Rouge,Quebec,Canada
Port-Cartier,Port-Cartier,Quebec,Canada
Portneuf,Portneuf,Quebec,Canada
Pr?vost,Pr?vost,Quebec,Canada
Princeville,Princeville,Quebec,Canada
Qu?bec,Qu?bec,Quebec,Canada
Repentigny,Repentigny,Quebec,Canada
Richelieu,Richelieu,Quebec,Canada
Richmond,Richmond,Quebec,Canada
Rigaud,Rigaud,Quebec,Canada
Rimouski,Rimouski,Quebec,Canada
Rivi?re-du-Loup,Rivi?re-du-Loup,Quebec,Canada
Rivi?re-Rouge,Rivi?re-Rouge,Quebec,Canada
Roberval,Roberval,Quebec,Canada
Rosem?re,Rosem?re,Quebec,Canada
Rouyn-Noranda,Rouyn-Noranda,Quebec,Canada
Saguenay,Saguenay,Quebec,Canada
Saint-Augustin-de-Desmaures,Saint-Augustin-de-Desmaures,Quebec,Canada
Saint-Basile,Saint-Basile,Quebec,Canada
Saint-Basile-le-Grand,Saint-Basile-le-Grand,Quebec,Canada
Saint-Bruno-de-Montarville,Saint-Bruno-de-Montarville,Quebec,Canada
Saint-C?saire,Saint-C?saire,Quebec,Canada
Saint-Charles-Borrom?e,Saint-Charles-Borrom?e,Quebec,Canada
Saint-Colomban,Saint-Colomban,Quebec,Canada
Saint-Constant,Saint-Constant,Quebec,Canada
Sainte-Ad?le,Sainte-Ad?le,Quebec,Canada
Sainte-Agathe-des-Monts,Sainte-Agathe-des-Monts,Quebec,Canada
Sainte-Anne-de-Beaupr?,Sainte-Anne-de-Beaupr?,Quebec,Canada
Sainte-Anne-de-Bellevue,Sainte-Anne-de-Bellevue,Quebec,Canada
Sainte-Anne-des-Monts,Sainte-Anne-des-Monts,Quebec,Canada
Sainte-Anne-des-Plaines,Sainte-Anne-des-Plaines,Quebec,Canada
Sainte-Catherine,Sainte-Catherine,Quebec,Canada
Sainte-Catherine-de-la-Jacques-Cartier,Sainte-Catherine-de-la-Jacques-Cartier,Quebec,Canada
Sainte-Julie,Sainte-Julie,Quebec,Canada
Sainte-Marguerite-du-Lac-Masson,Sainte-Marguerite-du-Lac-Masson,Quebec,Canada
Sainte-Marie,Sainte-Marie,Quebec,Canada
Sainte-Marthe-sur-le-Lac,Sainte-Marthe-sur-le-Lac,Quebec,Canada
Sainte-Th?r?se,Sainte-Th?r?se,Quebec,Canada
Saint-Eustache,Saint-Eustache,Quebec,Canada
Saint-F?licien,Saint-F?licien,Quebec,Canada
Saint-Gabriel,Saint-Gabriel,Quebec,Canada
Saint-Georges,Saint-Georges,Quebec,Canada
Saint-Hyacinthe,Saint-Hyacinthe,Quebec,Canada
Saint-Jean-sur-Richelieu,Saint-Jean-sur-Richelieu,Quebec,Canada
Saint-J?r?me,Saint-J?r?me,Quebec,Canada
Saint-Joseph-de-Beauce,Saint-Joseph-de-Beauce,Quebec,Canada
Saint-Joseph-de-Sorel,Saint-Joseph-de-Sorel,Quebec,Canada
Saint-Lambert,Saint-Lambert,Quebec,Canada
Saint-Lazare,Saint-Lazare,Quebec,Canada
Saint-Lin-Laurentides,Saint-Lin-Laurentides,Quebec,Canada
Saint-Marc-des-Carri?res,Saint-Marc-des-Carri?res,Quebec,Canada
Saint-Ours,Saint-Ours,Quebec,Canada
Saint-Pamphile,Saint-Pamphile,Quebec,Canada
Saint-Pascal,Saint-Pascal,Quebec,Canada
Saint-Pie,Saint-Pie,Quebec,Canada
Saint-Raymond,Saint-Raymond,Quebec,Canada
Saint-R?mi,Saint-R?mi,Quebec,Canada
Saint-Sauveur,Saint-Sauveur,Quebec,Canada
Saint-Tite,Saint-Tite,Quebec,Canada
Salaberry-de-Valleyfield,Salaberry-de-Valleyfield,Quebec,Canada
Schefferville,Schefferville,Quebec,Canada
Scotstown,Scotstown,Quebec,Canada
Senneterre,Senneterre,Quebec,Canada
Sept-?les,Sept-?les,Quebec,Canada
Shawinigan,Shawinigan,Quebec,Canada
Sherbrooke,Sherbrooke,Quebec,Canada
Sorel-Tracy,Sorel-Tracy,Quebec,Canada
Stanstead,Stanstead,Quebec,Canada
Sutton,Sutton,Quebec,Canada
T?miscaming,T?miscaming,Quebec,Canada
T?miscouata-sur-le-Lac,T?miscouata-sur-le-Lac,Quebec,Canada
Terrebonne,Terrebonne,Quebec,Canada
Thetford Mines,Thetford Mines,Quebec,Canada
Thurso,Thurso,Quebec,Canada
Trois-Pistoles,Trois-Pistoles,Quebec,Canada
Trois-Rivi?res,Trois-Rivi?res,Quebec,Canada
Valcourt,Valcourt,Quebec,Canada
Val-d'Or,Val-d'Or,Quebec,Canada
Val-des-Sources,Val-des-Sources,Quebec,Canada
Varennes,Varennes,Quebec,Canada
Vaudreuil-Dorion,Vaudreuil-Dorion,Quebec,Canada
Victoriaville,Victoriaville,Quebec,Canada
Ville-Marie,Ville-Marie,Quebec,Canada
Warwick,Warwick,Quebec,Canada
Waterloo,Waterloo,Quebec,Canada
Waterville,Waterville,Quebec,Canada
Westmount,Westmount,Quebec,Canada
Windsor,Windsor,Quebec,Canada
Estevan,Estevan,Saskatchewan,Canada
Flin Flon,Flin Flon,Saskatchewan,Canada
Humboldt,Humboldt,Saskatchewan,Canada
Lloydminster,Lloydminster,Saskatchewan,Canada
Martensville,Martensville,Saskatchewan,Canada
Meadow Lake,Meadow Lake,Saskatchewan,Canada
Melfort,Melfort,Saskatchewan,Canada
Melville,Melville,Saskatchewan,Canada
Moose Jaw,Moose Jaw,Saskatchewan,Canada
North Battleford,North Battleford,Saskatchewan,Canada
Prince Albert,Prince Albert,Saskatchewan,Canada
Regina,Regina,Saskatchewan,Canada
Saskatoon,Saskatoon,Saskatchewan,Canada
Swift Current,Swift Current,Saskatchewan,Canada
Warman,Warman,Saskatchewan,Canada
Weyburn,Weyburn,Saskatchewan,Canada
Whitehorse,Whitehorse,Yukon,Canada
Cape Breton,Cape Breton,Nova Scotia,Canada
Halifax,Halifax,Nova Scotia,Canada
Queens,Queens,Nova Scotia,Canada
Annapolis,Annapolis,Nova Scotia,Canada
Antigonish,Antigonish,Nova Scotia,Canada
Colchester,Colchester,Nova Scotia,Canada
Cumberland,Cumberland,Nova Scotia,Canada
Inverness,Inverness,Nova Scotia,Canada
Kings,Kings,Nova Scotia,Canada
Pictou,Pictou,Nova Scotia,Canada
Richmond,Richmond,Nova Scotia,Canada
Victoria,Victoria,Nova Scotia,Canada
Argyle,Argyle,Nova Scotia,Canada
Barrington,Barrington,Nova Scotia,Canada
Chester,Chester,Nova Scotia,Canada
Clare,Clare,Nova Scotia,Canada
Digby,Digby,Nova Scotia,Canada
East Hants,East Hants,Nova Scotia,Canada
Guysborough,Guysborough,Nova Scotia,Canada
Lunenburg,Lunenburg,Nova Scotia,Canada
Shelburne,Shelburne,Nova Scotia,Canada
St. Mary's,St. Mary's,Nova Scotia,Canada
West Hants,West Hants,Nova Scotia,Canada
Yarmouth,Yarmouth,Nova Scotia,Canada
Amherst,Amherst,Nova Scotia,Canada
Annapolis Royal,Annapolis Royal,Nova Scotia,Canada
Berwick,Berwick,Nova Scotia,Canada
Bridgewater,Bridgewater,Nova Scotia,Canada
Clark's Harbour,Clark's Harbour,Nova Scotia,Canada
Kentville,Kentville,Nova Scotia,Canada
Lockeport,Lockeport,Nova Scotia,Canada
Mahone Bay,Mahone Bay,Nova Scotia,Canada
Middleton,Middleton,Nova Scotia,Canada
Mulgrave,Mulgrave,Nova Scotia,Canada
New Glasgow,New Glasgow,Nova Scotia,Canada
Oxford,Oxford,Nova Scotia,Canada
Port Hawkesbury,Port Hawkesbury,Nova Scotia,Canada
Stellarton,Stellarton,Nova Scotia,Canada
Stewiacke,Stewiacke,Nova Scotia,Canada
Trenton,Trenton,Nova Scotia,Canada
Truro,Truro,Nova Scotia,Canada
Westville,Westville,Nova Scotia,Canada
Windsor,Windsor,Nova Scotia,Canada
Wolfville,Wolfville,Nova Scotia,Canada
